revision,case,B/op,allocs/op,archive-hits/op,archive-sst-bytes/op,archive-sst-reads/op,block-cache-hits/op,block-cache-misses/op,consumed/op,ns/op,overlap-put-p50-ns,overlap-put-p95-ns,overlap-put-p99-ns,overlap-put-samples/op,promoted/op,refresh-ms/op,sst-bytes/op,sst-reads/op,worker-utilization,writable-hits/op,writable-sst-bytes/op,writable-sst-reads/op
before,writable-hits=0/warm=false/delayed=false/workers=1,2819693.0,3904.0,1024.0,1094051.0,36.0,115.0,36.0,1024.0,17623098.0,459.0,625.0,8875.0,64.0,1024.0,17.62,1094051.0,36.0,0.9997,0.0,0.0,0.0
before,writable-hits=0/warm=false/delayed=false/workers=2,4148746.0,3970.0,1024.0,1639028.0,53.67,97.33,53.67,1024.0,19545430.0,458.0,625.0,8916.0,64.0,1024.0,19.54,1639028.0,53.67,0.9974,0.0,0.0,0.0
before,writable-hits=0/warm=false/delayed=false/workers=4,4620557.0,4388.0,1024.0,2152529.0,71.33,79.67,71.33,1024.0,23971903.0,500.0,667.0,9125.0,64.0,1024.0,23.97,2152529.0,71.33,0.894,0.0,0.0,0.0
before,writable-hits=0/warm=false/delayed=true/workers=1,3164394.0,3924.0,1024.0,1094051.0,36.0,115.0,36.0,1024.0,28350584.0,541.0,792.0,9375.0,64.0,1024.0,28.34,1094051.0,36.0,0.9998,0.0,0.0,0.0
before,writable-hits=0/warm=false/delayed=true/workers=2,4742981.0,3995.0,1024.0,1639216.0,54.0,97.0,54.0,1024.0,24158195.0,583.0,833.0,13958.0,64.0,1024.0,24.15,1639216.0,54.0,0.9966,0.0,0.0,0.0
before,writable-hits=0/warm=false/delayed=true/workers=4,3830061.0,4541.0,1024.0,2761581.0,91.0,60.0,91.0,1024.0,23481083.0,542.0,875.0,14916.0,64.0,1024.0,23.47,2761581.0,91.0,0.9358,0.0,0.0,0.0
before,writable-hits=0/warm=true/delayed=false/workers=1,2974026.0,3871.0,1024.0,0.0,0.0,151.0,0.0,1024.0,20635875.0,667.0,1000.0,16458.0,64.0,1024.0,20.63,0.0,0.0,0.9996,0.0,0.0,0.0
before,writable-hits=0/warm=true/delayed=false/workers=2,4059237.0,3915.0,1024.0,0.0,0.0,151.0,0.0,1024.0,19570153.0,708.0,1167.0,20875.0,64.0,1024.0,19.56,0.0,0.0,0.9967,0.0,0.0,0.0
before,writable-hits=0/warm=true/delayed=false/workers=4,4981456.0,4155.0,1024.0,0.0,0.0,151.0,0.0,1024.0,19860055.0,500.0,834.0,16500.0,64.0,1024.0,19.85,0.0,0.0,0.8074,0.0,0.0,0.0
before,writable-hits=0/warm=true/delayed=true/workers=1,2779938.0,3855.0,1024.0,0.0,0.0,151.0,0.0,1024.0,15919513.0,583.0,792.0,11792.0,64.0,1024.0,15.91,0.0,0.0,0.9997,0.0,0.0,0.0
before,writable-hits=0/warm=true/delayed=true/workers=2,4140229.0,3909.0,1024.0,0.0,0.0,151.0,0.0,1024.0,17961556.0,666.0,1083.0,15583.0,64.0,1024.0,17.95,0.0,0.0,0.9967,0.0,0.0,0.0
before,writable-hits=0/warm=true/delayed=true/workers=4,4608933.0,4345.0,1024.0,0.0,0.0,151.0,0.0,1024.0,15224833.0,791.0,1416.0,18625.0,64.0,1024.0,15.21,0.0,0.0,0.8461,0.0,0.0,0.0
before,writable-hits=50/warm=false/delayed=false/workers=1,3109928.0,4358.0,512.0,1094051.0,36.0,178.0,55.0,1024.0,11885111.0,792.0,1375.0,18709.0,64.0,512.0,11.88,1641191.0,55.0,0.9993,512.0,547140.0,19.0
before,writable-hits=50/warm=false/delayed=false/workers=2,3734562.0,4434.0,512.0,2077036.0,67.67,138.3,103.7,1024.0,10207153.0,750.0,1042.0,17334.0,64.0,512.0,10.2,3137126.0,103.7,0.9934,512.0,1060090.0,36.0
before,writable-hits=50/warm=false/delayed=false/workers=4,4301765.0,4726.0,512.0,2753759.0,91.33,150.0,140.0,1024.0,10183639.0,792.0,1125.0,18250.0,64.0,512.0,10.17,4230283.0,140.0,0.9827,512.0,1476524.0,48.67
before,writable-hits=50/warm=false/delayed=true/workers=1,2860466.0,4352.0,512.0,1094051.0,36.0,178.0,55.0,1024.0,14284514.0,542.0,791.0,11750.0,64.0,512.0,14.28,1641191.0,55.0,0.9994,512.0,547140.0,19.0
before,writable-hits=50/warm=false/delayed=true/workers=2,4027269.0,4440.0,512.0,2151786.0,70.0,133.7,105.3,1024.0,13840403.0,833.0,1000.0,16542.0,64.0,512.0,13.83,3211676.0,105.3,0.9934,512.0,1059890.0,35.33
before,writable-hits=50/warm=false/delayed=true/workers=4,4405378.0,4688.0,512.0,3555882.0,116.3,100.0,183.3,1024.0,10706500.0,750.0,1125.0,10459.0,64.0,512.0,10.7,5549452.0,183.3,0.9814,512.0,1993570.0,67.0
before,writable-hits=50/warm=true/delayed=false/workers=1,3302157.0,4337.0,512.0,0.0,0.0,233.0,0.0,1024.0,9680028.0,750.0,1084.0,18458.0,64.0,512.0,9.671,0.0,0.0,0.9992,512.0,0.0,0.0
before,writable-hits=50/warm=true/delayed=false/workers=2,3959845.0,4377.0,512.0,0.0,0.0,239.3,0.0,1024.0,9966500.0,583.0,917.0,13041.0,64.0,512.0,9.959,0.0,0.0,0.9939,512.0,0.0,0.0
before,writable-hits=50/warm=true/delayed=false/workers=4,4477149.0,4729.0,512.0,0.0,0.0,372.0,0.0,1024.0,8881473.0,750.0,1333.0,19625.0,64.0,512.0,8.871,0.0,0.0,0.969,512.0,0.0,0.0
before,writable-hits=50/warm=true/delayed=true/workers=1,3331528.0,4334.0,512.0,0.0,0.0,233.0,0.0,1024.0,10466722.0,750.0,1042.0,18250.0,64.0,512.0,10.46,0.0,0.0,0.9993,512.0,0.0,0.0
before,writable-hits=50/warm=true/delayed=true/workers=2,3974661.0,4378.0,512.0,0.0,0.0,245.3,0.0,1024.0,7747153.0,709.0,1125.0,22625.0,64.0,512.0,7.737,0.0,0.0,0.992,512.0,0.0,0.0
before,writable-hits=50/warm=true/delayed=true/workers=4,4013154.0,4668.0,512.0,0.0,0.0,321.0,0.0,1024.0,8948195.0,500.0,875.0,12292.0,64.0,512.0,8.938,0.0,0.0,0.9816,512.0,0.0,0.0
before,writable-hits=100/warm=false/delayed=false/workers=1,2474202.0,4821.0,0.0,1094051.0,36.0,228.0,72.0,1024.0,2618403.0,750.0,1042.0,18750.0,64.0,0.0,2.611,2188102.0,72.0,0.9975,1024.0,1094051.0,36.0
before,writable-hits=100/warm=false/delayed=false/workers=2,2486160.0,4850.0,0.0,2109071.0,68.67,162.3,137.7,1024.0,1534722.0,584.0,1084.0,12666.0,64.0,0.0,1.528,4249803.0,137.7,0.9911,1024.0,2140732.0,69.0
before,writable-hits=100/warm=false/delayed=false/workers=4,2507424.0,4916.0,0.0,2913368.0,95.33,109.3,190.7,1024.0,1937625.0,709.0,1084.0,18125.0,64.0,0.0,1.92,5887211.0,190.7,0.9648,1024.0,2973843.0,95.33
before,writable-hits=100/warm=false/delayed=true/workers=1,2471469.0,4800.0,0.0,1094051.0,36.0,228.0,72.0,1024.0,7560875.0,834.0,1208.0,18709.0,64.0,0.0,7.552,2188102.0,72.0,0.9981,1024.0,1094051.0,36.0
before,writable-hits=100/warm=false/delayed=true/workers=2,2486021.0,4845.0,0.0,2119750.0,69.0,162.7,137.3,1024.0,5968250.0,583.0,875.0,14833.0,64.0,0.0,5.96,4249615.0,137.3,0.9964,1024.0,2129865.0,68.33
before,writable-hits=100/warm=false/delayed=true/workers=4,2512976.0,4958.0,0.0,4051562.0,133.0,34.0,266.0,1024.0,5949139.0,625.0,875.0,16875.0,64.0,0.0,5.936,8166077.0,266.0,0.9923,1024.0,4114515.0,133.0
before,writable-hits=100/warm=true/delayed=false/workers=1,2463256.0,4762.0,0.0,0.0,0.0,300.0,0.0,1024.0,1467320.0,708.0,917.0,18833.0,64.0,0.0,1.459,0.0,0.0,0.9951,1024.0,0.0,0.0
before,writable-hits=100/warm=true/delayed=false/workers=2,2477674.0,4774.0,0.0,0.0,0.0,300.0,0.0,1024.0,827930.0,458.0,750.0,12542.0,64.0,0.0,0.8211,0.0,0.0,0.9523,1024.0,0.0,0.0
before,writable-hits=100/warm=true/delayed=false/workers=4,2514866.0,4805.0,0.0,0.0,0.0,300.0,0.0,1024.0,1087972.0,791.0,1083.0,18791.0,64.0,0.0,1.078,0.0,0.0,0.8826,1024.0,0.0,0.0
before,writable-hits=100/warm=true/delayed=true/workers=1,2470205.0,4768.0,0.0,0.0,0.0,300.0,0.0,1024.0,1625972.0,709.0,1125.0,15083.0,64.0,0.0,1.619,0.0,0.0,0.9952,1024.0,0.0,0.0
before,writable-hits=100/warm=true/delayed=true/workers=2,2478837.0,4772.0,0.0,0.0,0.0,300.0,0.0,1024.0,883111.0,875.0,1167.0,17750.0,64.0,0.0,0.8727,0.0,0.0,0.9758,1024.0,0.0,0.0
before,writable-hits=100/warm=true/delayed=true/workers=4,2504162.0,4802.0,0.0,0.0,0.0,300.0,0.0,1024.0,1069361.0,708.0,1416.0,20916.0,64.0,0.0,1.059,0.0,0.0,0.8577,1024.0,0.0,0.0
after,writable-hits=0/warm=false/delayed=false/workers=1,2781493.0,3892.0,1024.0,1094051.0,36.0,115.0,36.0,1024.0,21117528.0,833.0,1083.0,17458.0,64.0,1024.0,21.11,1094051.0,36.0,0.9996,0.0,0.0,0.0
after,writable-hits=0/warm=false/delayed=false/workers=2,5177920.0,4035.0,1024.0,1628538.0,53.67,97.33,53.67,1024.0,17141486.0,500.0,708.0,10583.0,64.0,1024.0,17.14,1628538.0,53.67,0.9968,0.0,0.0,0.0
after,writable-hits=0/warm=false/delayed=false/workers=4,3814592.0,4725.0,1024.0,2622202.0,85.67,65.33,85.67,1024.0,16677958.0,833.0,1792.0,64292.0,64.0,1024.0,16.67,2622202.0,85.67,0.9823,0.0,0.0,0.0
after,writable-hits=0/warm=false/delayed=true/workers=1,2657922.0,3894.0,1024.0,1094051.0,36.0,115.0,36.0,1024.0,20715930.0,583.0,833.0,12750.0,64.0,1024.0,20.71,1094051.0,36.0,0.9996,0.0,0.0,0.0
after,writable-hits=0/warm=false/delayed=true/workers=2,4553605.0,4007.0,1024.0,1799394.0,59.0,92.0,59.0,1024.0,16902167.0,750.0,1000.0,17083.0,64.0,1024.0,16.89,1799394.0,59.0,0.9928,0.0,0.0,0.0
after,writable-hits=0/warm=false/delayed=true/workers=4,3721037.0,4582.0,1024.0,3837992.0,126.3,24.67,126.3,1024.0,18664917.0,792.0,1209.0,16250.0,64.0,1024.0,18.65,3837992.0,126.3,0.979,0.0,0.0,0.0
after,writable-hits=0/warm=true/delayed=false/workers=1,2680602.0,3868.0,1024.0,0.0,0.0,151.0,0.0,1024.0,16467083.0,583.0,958.0,13292.0,64.0,1024.0,16.46,0.0,0.0,0.9995,0.0,0.0,0.0
after,writable-hits=0/warm=true/delayed=false/workers=2,4547101.0,3966.0,1024.0,0.0,0.0,151.0,0.0,1024.0,16563236.0,791.0,1375.0,18583.0,64.0,1024.0,16.55,0.0,0.0,0.9946,0.0,0.0,0.0
after,writable-hits=0/warm=true/delayed=false/workers=4,4231869.0,4905.0,1024.0,0.0,0.0,151.0,0.0,1024.0,17410792.0,750.0,2250.0,22583.0,64.0,1024.0,17.4,0.0,0.0,0.904,0.0,0.0,0.0
after,writable-hits=0/warm=true/delayed=true/workers=1,3013640.0,3873.0,1024.0,0.0,0.0,151.0,0.0,1024.0,17629736.0,750.0,1125.0,18291.0,64.0,1024.0,17.62,0.0,0.0,0.9995,0.0,0.0,0.0
after,writable-hits=0/warm=true/delayed=true/workers=2,4026146.0,3944.0,1024.0,0.0,0.0,151.0,0.0,1024.0,17420723.0,792.0,1500.0,18875.0,64.0,1024.0,17.41,0.0,0.0,0.9927,0.0,0.0,0.0
after,writable-hits=0/warm=true/delayed=true/workers=4,4714173.0,4571.0,1024.0,0.0,0.0,151.0,0.0,1024.0,17784500.0,792.0,1209.0,16416.0,64.0,1024.0,17.77,0.0,0.0,0.8452,0.0,0.0,0.0
after,writable-hits=50/warm=false/delayed=false/workers=1,2337077.0,3862.0,512.0,1094051.0,36.0,114.0,55.0,1024.0,9636778.0,750.0,1000.0,16708.0,64.0,512.0,9.629,1641191.0,55.0,0.9992,512.0,547140.0,19.0
after,writable-hits=50/warm=false/delayed=false/workers=2,3306322.0,3963.0,512.0,1553226.0,50.33,120.7,86.0,1024.0,7559653.0,833.0,1583.0,18791.0,64.0,512.0,7.55,2613216.0,86.0,0.9837,512.0,1059990.0,35.67
after,writable-hits=50/warm=false/delayed=false/workers=4,3601746.0,4192.0,512.0,1446440.0,47.0,171.3,82.0,1024.0,8298194.0,1000.0,4833.0,44334.0,64.0,512.0,8.283,2442744.0,82.0,0.8277,512.0,996304.0,35.0
after,writable-hits=50/warm=false/delayed=true/workers=1,2656101.0,3888.0,512.0,1094051.0,36.0,114.0,55.0,1024.0,14348180.0,750.0,1042.0,15416.0,64.0,512.0,14.34,1641191.0,55.0,0.9995,512.0,547140.0,19.0
after,writable-hits=50/warm=false/delayed=true/workers=2,3411376.0,3966.0,512.0,1628351.0,53.33,116.3,90.33,1024.0,11913486.0,750.0,2334.0,18125.0,64.0,512.0,11.9,2720482.0,90.33,0.9885,512.0,1092131.0,37.0
after,writable-hits=50/warm=false/delayed=true/workers=4,3245232.0,4022.0,512.0,1639217.0,54.0,127.7,95.0,1024.0,10235764.0,667.0,1084.0,16000.0,64.0,512.0,10.23,2796022.0,95.0,0.5877,512.0,1156805.0,41.0
after,writable-hits=50/warm=true/delayed=false/workers=1,2327522.0,3811.0,512.0,0.0,0.0,163.3,0.0,1024.0,8109222.0,500.0,708.0,12209.0,64.0,512.0,8.104,0.0,0.0,0.9993,512.0,0.0,0.0
after,writable-hits=50/warm=true/delayed=false/workers=2,3294754.0,3897.0,512.0,0.0,0.0,197.3,0.0,1024.0,11276334.0,709.0,1209.0,16833.0,64.0,512.0,11.27,0.0,0.0,0.9926,512.0,0.0,0.0
after,writable-hits=50/warm=true/delayed=false/workers=4,4181421.0,4216.0,512.0,0.0,0.0,322.7,0.0,1024.0,19226695.0,625.0,13667.0,84834.0,64.0,512.0,19.22,0.0,0.0,0.8179,512.0,0.0,0.0
after,writable-hits=50/warm=true/delayed=true/workers=1,2803477.0,3851.0,512.0,0.0,0.0,162.7,0.0,1024.0,15809569.0,583.0,1750.0,19375.0,64.0,512.0,15.8,0.0,0.0,0.9991,512.0,0.0,0.0
after,writable-hits=50/warm=true/delayed=true/workers=2,3791192.0,3911.0,512.0,0.0,0.0,198.7,0.0,1024.0,19044695.0,708.0,1166.0,17750.0,64.0,512.0,19.04,0.0,0.0,0.9959,512.0,0.0,0.0
after,writable-hits=50/warm=true/delayed=true/workers=4,3847765.0,4262.0,512.0,0.0,0.0,340.3,0.0,1024.0,12415347.0,667.0,10875.0,31500.0,64.0,512.0,12.41,0.0,0.0,0.9796,512.0,0.0,0.0
after,writable-hits=100/warm=false/delayed=false/workers=1,1486472.0,3792.0,0.0,0.0,0.0,130.0,36.0,1024.0,1892694.0,792.0,1167.0,19792.0,64.0,0.0,1.884,1094051.0,36.0,0.9948,1024.0,1094051.0,36.0
after,writable-hits=100/warm=false/delayed=false/workers=2,1535320.0,3840.0,0.0,0.0,0.0,120.3,60.67,1024.0,1397722.0,750.0,1500.0,15125.0,64.0,0.0,1.389,1852786.0,60.67,0.9856,1024.0,1852786.0,60.67
after,writable-hits=100/warm=false/delayed=false/workers=4,1633024.0,3958.0,0.0,0.0,0.0,117.0,90.33,1024.0,1204375.0,875.0,14833.0,36083.0,64.0,0.0,1.194,2793923.0,90.33,0.9514,1024.0,2793923.0,90.33
after,writable-hits=100/warm=false/delayed=true/workers=1,1486778.0,3805.0,0.0,0.0,0.0,130.0,36.0,1024.0,3758653.0,500.0,708.0,11667.0,64.0,0.0,3.752,1094051.0,36.0,0.9979,1024.0,1094051.0,36.0
after,writable-hits=100/warm=false/delayed=true/workers=2,1536237.0,3849.0,0.0,0.0,0.0,112.0,69.0,1024.0,3905500.0,833.0,1250.0,19333.0,64.0,0.0,3.894,2119749.0,69.0,0.9909,1024.0,2119749.0,69.0
after,writable-hits=100/warm=false/delayed=true/workers=4,1632322.0,3984.0,0.0,0.0,0.0,74.33,137.7,1024.0,3324833.0,708.0,1291.0,20125.0,64.0,0.0,3.317,4201065.0,137.7,0.9862,1024.0,4201065.0,137.7
after,writable-hits=100/warm=true/delayed=false/workers=1,1452269.0,3737.0,0.0,0.0,0.0,153.3,0.0,1024.0,1315195.0,791.0,1167.0,18458.0,64.0,0.0,1.307,0.0,0.0,0.9928,1024.0,0.0,0.0
after,writable-hits=100/warm=true/delayed=false/workers=2,1474856.0,3747.0,0.0,0.0,0.0,159.7,0.0,1024.0,653903.0,750.0,1709.0,19542.0,64.0,0.0,0.6449,0.0,0.0,0.9499,1024.0,0.0,0.0
after,writable-hits=100/warm=true/delayed=false/workers=4,1544170.0,3808.0,0.0,0.0,0.0,172.3,0.0,1024.0,452625.0,500.0,2292.0,43792.0,64.0,0.0,0.4452,0.0,0.0,0.8715,1024.0,0.0,0.0
after,writable-hits=100/warm=true/delayed=true/workers=1,1452320.0,3732.0,0.0,0.0,0.0,155.0,0.0,1024.0,1074417.0,625.0,1083.0,21917.0,64.0,0.0,1.066,0.0,0.0,0.9941,1024.0,0.0,0.0
after,writable-hits=100/warm=true/delayed=true/workers=2,1474629.0,3747.0,0.0,0.0,0.0,160.3,0.0,1024.0,682542.0,791.0,1167.0,19834.0,64.0,0.0,0.6731,0.0,0.0,0.9615,1024.0,0.0,0.0
after,writable-hits=100/warm=true/delayed=true/workers=4,1502872.0,3769.0,0.0,0.0,0.0,160.3,0.0,1024.0,405083.0,542.0,2000.0,31208.0,64.0,0.0,0.398,0.0,0.0,0.866,1024.0,0.0,0.0
