revision,case,sample,B/op,allocs/op,archive-hits/op,archive-sst-bytes/op,archive-sst-reads/op,block-cache-hits/op,block-cache-misses/op,consumed/op,ns/op,overlap-max-ns,overlap-p50-ns,overlap-p95-ns,overlap-put-p50-ns,overlap-put-p95-ns,overlap-put-p99-ns,overlap-put-samples/op,overlapping-persists/op,persist-max-ns,persist-p50-ns,persist-p95-ns,persists/op,promoted/op,refresh-ms/op,refresh-ns/op,sst-bytes/op,sst-reads/op,worker-utilization,writable-hits/op,writable-sst-bytes/op,writable-sst-reads/op
before,BenchmarkService_RefreshWithPersistence/workers=1/batch=256,1,23132349.0,208241.0,,,,,,,440687763.0,19053875.0,8270042.0,16157250.0,,,,,32.0,19053875.0,8270042.0,16157250.0,32.0,,,440679167.0,,,,,,
before,BenchmarkService_RefreshWithPersistence/workers=1/batch=256,2,22505157.0,208209.0,,,,,,,393727792.0,23869917.0,7495416.0,13345959.0,,,,,32.0,23869917.0,7495416.0,13345959.0,32.0,,,393721527.0,,,,,,
before,BenchmarkService_RefreshWithPersistence/workers=1/batch=256,3,22301904.0,208188.0,,,,,,,375890166.0,17960542.0,7245291.0,11989583.0,,,,,32.0,17960542.0,7245291.0,11989583.0,32.0,,,375884097.0,,,,,,
before,BenchmarkService_RefreshWithPersistence/workers=2/batch=256,1,24818141.0,208393.0,,,,,,,323552181.0,17605834.0,7003292.0,12921792.0,,,,,32.0,17605834.0,7003292.0,12921792.0,32.0,,,323546361.0,,,,,,
before,BenchmarkService_RefreshWithPersistence/workers=2/batch=256,2,24934240.0,208366.0,,,,,,,342182223.0,14968875.0,7971541.0,11900084.0,,,,,32.0,14968875.0,7971541.0,11900084.0,32.0,,,342173500.0,,,,,,
before,BenchmarkService_RefreshWithPersistence/workers=2/batch=256,3,24881880.0,208362.0,,,,,,,367301375.0,18756000.0,7983542.0,15139625.0,,,,,32.0,18756000.0,7983542.0,15139625.0,32.0,,,367291056.0,,,,,,
before,BenchmarkService_RefreshWithPersistence/workers=4/batch=256,1,25856864.0,209953.0,,,,,,,429677167.0,36739833.0,8954917.0,18928792.0,,,,,32.0,36739833.0,8954917.0,18928792.0,32.0,,,429667569.0,,,,,,
before,BenchmarkService_RefreshWithPersistence/workers=4/batch=256,2,26127032.0,213206.0,,,,,,,349667125.0,19056000.0,7978541.0,14794875.0,,,,,32.0,19056000.0,7978541.0,14794875.0,32.0,,,349658264.0,,,,,,
before,BenchmarkService_RefreshWithPersistence/workers=4/batch=256,3,25644141.0,210411.0,,,,,,,334199709.0,18907709.0,7986416.0,13016458.0,,,,,32.0,18907709.0,7986416.0,13016458.0,32.0,,,334193570.0,,,,,,
before,BenchmarkPromotionReadAmplification/writable-hits=0/warm=false/delayed=false/workers=1,1,2401848.0,3878.0,1024.0,1094051.0,36.0,115.0,36.0,1024.0,19434875.0,,,,833.0,1333.0,18792.0,64.0,,,,,,1024.0,19.42,,1094051.0,36.0,0.9993,0.0,0.0,0.0
before,BenchmarkPromotionReadAmplification/writable-hits=0/warm=false/delayed=false/workers=1,2,2571730.0,3889.0,1024.0,1094051.0,36.0,115.0,36.0,1024.0,21353681.0,,,,834.0,1166.0,17958.0,64.0,,,,,,1024.0,21.34,,1094051.0,36.0,0.9996,0.0,0.0,0.0
before,BenchmarkPromotionReadAmplification/writable-hits=0/warm=false/delayed=false/workers=1,3,2812413.0,3899.0,1024.0,1094051.0,36.0,115.0,36.0,1024.0,20488181.0,,,,1042.0,1417.0,20833.0,64.0,,,,,,1024.0,20.48,,1094051.0,36.0,0.9994,0.0,0.0,0.0
before,BenchmarkPromotionReadAmplification/writable-hits=0/warm=false/delayed=false/workers=1,4,2995658.0,3910.0,1024.0,1094051.0,36.0,115.0,36.0,1024.0,22909097.0,,,,875.0,1250.0,18958.0,64.0,,,,,,1024.0,22.9,,1094051.0,36.0,0.9996,0.0,0.0,0.0
before,BenchmarkPromotionReadAmplification/writable-hits=0/warm=false/delayed=false/workers=1,5,2570325.0,3873.0,1024.0,1094051.0,36.0,115.0,36.0,1024.0,19899611.0,,,,1000.0,1291.0,12416.0,64.0,,,,,,1024.0,19.89,,1094051.0,36.0,0.9993,0.0,0.0,0.0
after,BenchmarkService_RefreshWithPersistence/workers=1/batch=256,1,22986306.0,208239.0,,,,,,,398150833.0,17025083.0,7928792.0,12994625.0,,,,,32.0,17025083.0,7928792.0,12994625.0,32.0,,,398144167.0,,,,,,
after,BenchmarkService_RefreshWithPersistence/workers=1/batch=256,2,22576458.0,208204.0,,,,,,,397991722.0,16984417.0,7849458.0,13967125.0,,,,,32.0,16984417.0,7849458.0,13967125.0,32.0,,,397985000.0,,,,,,
after,BenchmarkService_RefreshWithPersistence/workers=1/batch=256,3,22492189.0,208203.0,,,,,,,393642861.0,17041125.0,7427042.0,14026000.0,,,,,32.0,17041125.0,7427042.0,14026000.0,32.0,,,393636139.0,,,,,,
after,BenchmarkService_RefreshWithPersistence/workers=2/batch=256,1,25701906.0,208961.0,,,,,,,357710791.0,15936791.0,7972917.0,13187959.0,,,,,32.0,15936791.0,7972917.0,13187959.0,32.0,,,357703819.0,,,,,,
after,BenchmarkService_RefreshWithPersistence/workers=2/batch=256,2,25534410.0,208602.0,,,,,,,358166194.0,18053958.0,7961708.0,14877458.0,,,,,32.0,18053958.0,7961708.0,14877458.0,32.0,,,358158375.0,,,,,,
after,BenchmarkService_RefreshWithPersistence/workers=2/batch=256,3,25831264.0,208629.0,,,,,,,354466944.0,18996000.0,7979709.0,13977959.0,,,,,32.0,18996000.0,7979709.0,13977959.0,32.0,,,354460181.0,,,,,,
after,BenchmarkService_RefreshWithPersistence/workers=4/batch=256,1,26685704.0,218094.0,,,,,,,335981014.0,18041042.0,7968458.0,14022917.0,,,,,32.0,18041042.0,7968458.0,14022917.0,32.0,,,335971805.0,,,,,,
after,BenchmarkService_RefreshWithPersistence/workers=4/batch=256,2,26508173.0,215193.0,,,,,,,532346736.0,40420000.0,13556792.0,21909333.0,,,,,32.0,40420000.0,13556792.0,21909333.0,32.0,,,532338694.0,,,,,,
after,BenchmarkService_RefreshWithPersistence/workers=4/batch=256,3,26298896.0,214502.0,,,,,,,325981180.0,16905208.0,7831459.0,13102000.0,,,,,32.0,16905208.0,7831459.0,13102000.0,32.0,,,325973806.0,,,,,,
after,BenchmarkPromotionReadAmplification/writable-hits=0/warm=false/delayed=false/workers=1,1,2830141.0,3900.0,1024.0,1094051.0,36.0,115.0,36.0,1024.0,16408527.0,,,,542.0,792.0,9584.0,64.0,,,,,,1024.0,16.4,,1094051.0,36.0,0.9996,0.0,0.0,0.0
after,BenchmarkPromotionReadAmplification/writable-hits=0/warm=false/delayed=false/workers=1,2,2784157.0,3886.0,1024.0,1094051.0,36.0,115.0,36.0,1024.0,16167194.0,,,,708.0,958.0,10250.0,64.0,,,,,,1024.0,16.16,,1094051.0,36.0,0.9996,0.0,0.0,0.0
after,BenchmarkPromotionReadAmplification/writable-hits=0/warm=false/delayed=false/workers=1,3,2785293.0,3890.0,1024.0,1094051.0,36.0,115.0,36.0,1024.0,17862639.0,,,,500.0,1000.0,9542.0,64.0,,,,,,1024.0,17.86,,1094051.0,36.0,0.9998,0.0,0.0,0.0
after,BenchmarkPromotionReadAmplification/writable-hits=0/warm=false/delayed=false/workers=1,4,2390458.0,3865.0,1024.0,1094051.0,36.0,115.0,36.0,1024.0,19993014.0,,,,958.0,1292.0,19958.0,64.0,,,,,,1024.0,19.98,,1094051.0,36.0,0.9994,0.0,0.0,0.0
after,BenchmarkPromotionReadAmplification/writable-hits=0/warm=false/delayed=false/workers=1,5,2390746.0,3870.0,1024.0,1094051.0,36.0,115.0,36.0,1024.0,16975611.0,,,,1042.0,1542.0,26750.0,64.0,,,,,,1024.0,16.96,,1094051.0,36.0,0.9992,0.0,0.0,0.0
